<Minutes>,<Miles>,<Total Paid ($)>,<Tips ($)>,Ntrips,Pickup Centroid Latitude,Pickup Centroid Longitude
24.141222611175937,10.947457231726283,32.61807242990654,0.04756230529595015,2572,41.660136051,-87.60284764
25.541265253693,11.289503853564549,34.8879469879518,0.13206265060240963,2076,41.663670652,-87.540935513
2.5979166666666664,2.0625,9.04875,0.0,8,41.667365304,-87.605316283
0.0,0.0,3.25,0.0,4,41.670421943,-87.619007255
23.86566009036818,10.20193370907139,30.48912179401101,0.07402041090371962,7452,41.673819904,-87.635739777
0.6166666666666667,0.0,3.25,0.0,1,41.67427869,-87.632164641
5.916666666666666,3.386,11.2,0.0,5,41.681314779,-87.651753056
0.3499999999999999,0.0033333333333333335,3.25,0.0,3,41.681561647,-87.63239624
18.433333333333334,14.43,46.39,0.0,1,41.68340413,-87.572162863
14.585416666666667,5.585,20.78375,0.0,8,41.684614968,-87.671250353
0.0,0.0,3.25,0.0,1,41.688631665,-87.652049255
3.348148148148148,1.7122222222222223,7.8355555555555565,0.0,9,41.689123437,-87.616821638
4.5,0.0,4.5,0.0,2,41.6893166,-87.605371627
22.502067624602834,9.8775352012516,30.061986915090312,0.057125586687526674,7031,41.689729914,-87.669054403
24.02360203879652,8.722053147268408,28.910277612826604,0.08241241092636578,6736,41.690633347,-87.570058269
26.83570190641248,7.171854419410745,29.71180242634315,0.12913344887348355,577,41.694878966,-87.713192497
0.3145833333333333,0.01625,3.3125,0.0,8,41.695834375,-87.652031202
1.0,0.13333333333333333,3.5833333333333335,0.0,3,41.696057764,-87.61626757
7.470000000000001,2.814,10.078,0.0,5,41.699759357,-87.637730426
3.6833333333333336,3.0500000000000003,10.375,0.0,6,41.700888797,-87.600092686
27.383333333333333,14.88,37.39,0.0,1,41.703081992,-87.65007926
21.394444444444446,13.409999999999998,33.75,0.0,3,41.703280265,-87.615326494
24.432353326778106,8.744341329138813,28.617859952793072,0.06473642800944139,5086,41.706125752,-87.598255838
23.79912124642838,8.493140362225096,27.8169953089615,0.09642914914267227,12368,41.706587882,-87.623366512
29.184603174603176,8.316128364389234,29.219022774327122,0.07085300207039338,2415,41.707311449,-87.534902901
0.12333333333333334,0.01,3.3,0.0,5,41.71071559,-87.615285322
0.31111111111111106,0.0,9.916666666666666,0.0,3,41.713103395,-87.666083531
28.886923956546596,6.685267489711934,25.109698216735254,0.16396776406035665,2916,41.713148612,-87.675075312
14.5,5.625,17.25,0.0,4,41.713903063,-87.677143472
0.6,0.04,3.45,0.0,5,41.714252152,-87.638175067
0.0,0.0,3.75,0.0,1,41.7142705,-87.560057256
21.86041666666667,9.4925,22.48625,0.0,8,41.714674946,-87.594933092
17.660714285714285,6.672142857142856,26.689230769230768,0.0,14,41.715760907,-87.574888167
23.520528817587643,8.842830412830413,27.845645975645972,0.12896198396198397,6735,41.717493036,-87.648895072
0.0944444444444444,0.016666666666666666,3.25,0.0,3,41.717817416,-87.652518019
24.708333333333332,12.785,33.625,0.0,2,41.717963676,-87.628357254
23.962500000000002,2.5250000000000004,14.0625,0.0,4,41.717967256,-87.613228634
1.5,0.0,4.0,0.0,2,41.720463283,-87.531386257
0.5499999999999999,0.056666666666666664,3.3333333333333335,0.0,3,41.725176903,-87.638477183
0.5,0.0,9.5,0.0,2,41.726407111,-87.648546472
0.25,0.0,5.0,0.25,4,41.726835402,-87.657899292
0.3625,0.0,17.6,0.0,8,41.727419836,-87.546643926
17.0,2.566666666666667,14.333333333333334,0.0,3,41.727584947,-87.629566316
24.653110253110253,6.1301866151866165,26.37713642213642,0.21335263835263832,1554,41.728182061,-87.596475596
0.5,0.0,3.25,0.0,2,41.728456029,-87.575637131
28.33333333333333,10.65,30.75,0.0,1,41.729199075,-87.587986491
26.002324755989353,7.90525736599219,27.859889973380653,0.07475244010647737,5635,41.729676423,-87.572717134
1.2,0.0,3.3333333333333335,0.0,3,41.731998845,-87.548564529
17.366666666666667,12.18,31.25,0.0,1,41.732441517,-87.638739028
8.783333333333333,5.445,15.875,0.0,2,41.73267635,-87.619140431
0.75,0.0,3.375,0.0,4,41.734168738,-87.653219601
0.5,0.0,4.0,0.0,2,41.734751821,-87.609629624
16.0,5.85,17.875,0.0,2,41.735123264,-87.589897232
0.0,0.0,3.25,0.0,3,41.739769679,-87.63896448
0.22222222222222218,0.0033333333333333335,3.25,0.0,3,41.740028368,-87.556365112
23.021126734675125,7.089438196052487,26.008445118587975,0.08929398786541644,18138,41.740205756,-87.615969523
31.0,14.1,38.25,0.0,1,41.740585022,-87.669835363
11.375,5.87,17.25,0.0,2,41.740960158,-87.609762143
26.705004155289085,7.323042858838894,27.211478095690374,0.12474059123827616,8423,41.741242728,-87.551428197
17.07037037037037,5.247777777777777,15.527777777777779,0.0,9,41.74194286,-87.579088816
17.32510964912281,6.758881578947368,21.865065789473682,0.0,152,41.742487572,-87.630044895
11.028395061728393,3.800740740740741,19.79576923076923,0.39192307692307693,27,41.743720912,-87.619542924
25.375624033576322,6.931201148156327,26.283148597924484,0.09701479355266064,4529,41.744199535,-87.586348318
26.09453632941713,7.389368156934306,26.293975353719762,0.09436216339570971,8768,41.744205146,-87.656305986
0.3625,0.0,7.625,0.0,4,41.744490643,-87.563692594
0.20833333333333331,0.0075,9.9375,0.0,4,41.745537571,-87.712036341
0.0,0.0,3.079473684210526,0.0,19,41.745622882,-87.731711853
34.7315414507772,6.891500107921433,26.740708270351977,0.10748866335564672,4633,41.745757713,-87.708365704
17.894444444444442,8.03,22.0,0.0,6,41.74584241,-87.591707772
2.0875,0.0,3.375,0.0,4,41.746215584,-87.690340528
4.923611111111111,1.8833333333333335,7.9375,0.0,12,41.746883253,-87.572607305
0.3333333333333333,0.0,3.25,0.0,3,41.747836981,-87.648813119
16.666666666666668,0.0,20.833333333333332,0.0,3,41.748210512,-87.610074966
17.5,2.35,12.0,0.0,2,41.748623179,-87.601315178
16.366666666666667,5.510000000000001,17.458333333333332,0.0,6,41.74931567,-87.54669533
14.763333333333335,7.040000000000001,17.054,0.154,5,41.754434171,-87.632184554
0.25,0.0,3.25,0.0,4,41.754679332,-87.61984499
8.366666666666667,3.6216666666666666,14.299999999999999,0.9333333333333332,6,41.754846102,-87.610168586
14.5,3.025,17.25,0.0,4,41.755062717,-87.600297312
0.0,5.1,16.75,0.0,2,41.755174383,-87.651409132
6.3500000000000005,1.592857142857143,9.195000000000002,0.0,14,41.755301636,-87.571184739
27.60666666666667,7.530666666666667,29.333333333333332,0.0,15,41.755568177,-87.58360729
17.417142857142856,5.936,21.842000000000002,0.0,35,41.755961431,-87.551994147
6.816666666666667,3.2285714285714286,10.964285714285714,0.0,7,41.758407902,-87.562847384
18.633333333333333,6.896666666666667,30.673333333333336,0.0,3,41.760641037,-87.581185561
0.0,0.0,3.25,0.0,4,41.760818532,-87.702700841
11.716666666666667,3.516666666666666,11.833333333333334,0.0,3,41.76127808,-87.671001995
24.713501744300316,7.268945952916037,25.503225105034275,0.11582848087270584,27143,41.761577908,-87.572781987
8.370000000000001,2.242,12.4,0.0,5,41.761702379,-87.629871745
0.02499999999999995,0.0,1.625,0.0,2,41.76196108,-87.6200147
12.042857142857141,4.835714285714286,16.714285714285715,0.0,7,41.762142315,-87.610345837
9.61,2.0700000000000003,11.275,0.0,10,41.762165122,-87.590285732
0.0,0.0,3.25,0.0,2,41.762246653,-87.732059026
23.856755651892836,7.203430282292558,25.783369838010493,0.12114248231804699,17535,41.763246799,-87.616134111
0.5714285714285714,0.0,3.357142857142857,0.0,7,41.764243459,-87.581271017
6.859523809523809,1.5142857142857142,8.107142857142858,0.2857142857142857,7,41.764359702,-87.57134203
2.980952380952381,1.5242857142857142,10.855714285714287,0.0,7,41.764642515,-87.563584812
26.666666666666668,10.29,29.25,0.0,1,41.768601101,-87.565823879
7.872222222222221,4.751666666666667,14.229999999999999,0.0,6,41.768667256,-87.628983314
0.3333333333333333,0.0,3.25,0.0,3,41.769245058,-87.620177639
18.93958333333333,6.203749999999999,22.75,0.0,8,41.769690466,-87.581349509
30.31559516851744,6.698428738317756,27.032879672897195,0.45369742990654205,1712,41.769778059,-87.726929842
22.0,4.85,27.5,0.0,2,41.769784724,-87.573951955
29.905142537730576,6.935967020681945,26.574155953046397,0.11925656791503633,3578,41.771848515,-87.695666342
0.3333333333333333,0.03333333333333333,16.416666666666668,0.08333333333333333,3,41.773848035,-87.681094663
0.3333333333333333,0.0,3.25,0.0,3,41.774814652,-87.739726392
0.16111111111111107,0.0,7.416666666666667,0.0,3,41.775680705,-87.790978576
26.90426893639482,7.364766429136974,25.52977038796516,0.09880839271575614,5052,41.775928827,-87.666596265
20.33063063063063,6.881351351351351,21.075135135135135,0.19621621621621624,37,41.776163693,-87.579948248
1.0833333333333333,0.0,7.916666666666667,0.0,3,41.776408793,-87.751940269
9.011111111111113,2.061111111111111,9.944444444444445,0.0,9,41.776430777,-87.637635387
0.3333333333333333,0.0,3.25,0.0,3,41.77669154,-87.6106933
0.0,0.0,3.25,0.0,1,41.776699408,-87.666582455
5.1866666666666665,1.9,32.95,0.0,5,41.776950666,-87.596303211
23.515385953261863,7.1000265553869495,24.57661386702077,0.12406999905150336,10544,41.777196255,-87.642497527
23.362603141115795,6.0922227691442234,23.775002461495184,0.1916281032421408,14221,41.77887686,-87.594925439
26.40743422640599,6.771939218523878,31.232677279305353,0.6338856729377713,1382,41.779582888,-87.768510849
0.0,0.0,3.25,0.0,5,41.779954269,-87.698287808
0.8222222222222223,0.0,15.416666666666666,0.0,3,41.781531802,-87.771633211
0.3333333333333333,0.0,12.083333333333334,0.0,3,41.783014197,-87.613278178
14.661111111111111,6.296666666666667,9.916666666666666,0.0,3,41.783034178,-87.582630304
7.666666666666667,1.9333333333333333,8.333333333333334,0.0,3,41.783100725,-87.608426502
0.0,0.0,11.25,0.0,2,41.783170859,-87.603558887
0.0,0.0,3.25,0.0,2,41.783459917,-87.593536895
29.642865784341332,11.572408281987927,52.86954677676644,5.429281223608896,31973,41.785998518,-87.750934289
22.0,0.0,23.0,0.0,1,41.786502037,-87.622197341
11.49,4.985999999999999,15.375,0.0,10,41.787278878,-87.634341781
0.25,0.0,49.565,0.0,4,41.788869841,-87.771912186
0.5222222222222221,0.0,29.916666666666668,1.0,3,41.789661475,-87.718220022
0.0,0.0,48.833333333333336,0.0,3,41.790447899,-87.590431128
18.632536520584328,4.946294820717132,22.065418326693226,1.3969721115537848,251,41.7904694,-87.601285122
19.87601530771634,6.182005623242738,26.270716963448926,2.6513589503280226,2134,41.790506261,-87.583143717
8.173809523809522,1.5371428571428571,15.507142857142856,2.7214285714285715,14,41.790566628,-87.594015444
0.0,0.0,26.416666666666668,0.0,3,41.79104166,-87.623179577
0.0,0.0,0.0,0.0,1,41.791126085,-87.618321622
5.6499999999999995,1.6390909090909092,7.568181818181818,0.0,11,41.792136084,-87.610939349
21.919928746381657,5.061282136894825,20.296776887107548,0.09840514362057448,5990,41.792357223,-87.61793138
26.719202634027628,9.869191119635852,48.104281685705296,3.991769017149074,69862,41.79259236,-87.769615453
26.847477970221817,7.662056414922657,32.22523202911738,1.640327570518653,1099,41.792981903,-87.724208194
20.025921551666773,5.075091810258798,22.57812874251497,0.8089863606121092,30064,41.794090253,-87.592310855
27.368297988036975,5.617840260798696,24.56238172920065,0.18397226753670473,1227,41.795430631,-87.696435232
0.6111111111111112,0.0,15.916666666666666,0.0,3,41.796463106,-87.757519865
6.9305555555555545,0.0,20.458333333333332,0.0,6,41.796640334,-87.745282845
19.392222222222223,5.378666666666666,16.283333333333335,0.23333333333333334,15,41.797153425,-87.582365702
11.666666666666666,2.5333333333333337,14.916666666666666,0.0,3,41.797827019,-87.603745765
21.478070175438596,4.624999999999999,23.778157894736843,0.633421052631579,38,41.797965209,-87.589607031
0.0,0.0,3.25,0.0,2,41.797971191,-87.598944513
17.395833333333332,5.1125,19.151666666666667,1.1516666666666666,12,41.798041716,-87.594196627
13.123333333333335,3.434,18.9,0.5,5,41.800260095,-87.617576172
9.965079365079365,4.264285714285715,16.374761904761904,0.839047619047619,21,41.801226836,-87.58530316
20.57962962962963,4.178888888888888,19.29444444444444,0.01666666666666667,9,41.801822753,-87.632245255
17.3,6.06,17.79,0.04,1,41.803945897,-87.613916853
0.7272727272727273,0.0,9.477272727272727,0.0,11,41.804147373,-87.73082849
0.3333333333333333,0.03333333333333333,3.25,0.0,3,41.804994711,-87.662441754
17.847084548104956,4.910116618075802,20.63997084548105,0.7648104956268221,343,41.805911699,-87.587479258
6.629761904761905,1.0,15.242142857142856,0.45357142857142857,14,41.805924969,-87.604058625
0.5,0.05,3.375,0.0,2,41.805978405,-87.599198985
12.990909090909092,2.309090909090909,15.532727272727273,0.5145454545454545,11,41.806021704,-87.594347985
6.447619047619048,1.4667857142857141,10.436428571428573,0.08107142857142857,28,41.806765271,-87.608949278
12.404166666666667,5.595,33.6875,0.0,4,41.807617617,-87.621436144
4.566666666666666,1.8283333333333334,7.125,0.0,6,41.808511513,-87.61399945
20.38729121089002,5.545623209542163,24.15298306850742,0.3324777285751498,19199,41.808916283,-87.596183344
23.992309988062075,5.195301372588025,22.31734434056097,0.14508454346528746,5027,41.80901825,-87.659166599
21.688092064338395,7.66233906437425,25.460771897080388,0.10765097986935075,7503,41.80908443,-87.632424524
25.11155981126839,7.2648583333333345,27.96212323064113,0.7253205661948376,1201,41.810879008,-87.726363325
20.075127099686828,5.292019602261174,21.151538899507912,0.12141852047663589,24590,41.812948939,-87.617859676
0.3333333333333333,0.0,29.666666666666668,0.0,3,41.813046295,-87.618719594
22.55833333333333,7.807499999999999,23.1875,0.0,4,41.813200941,-87.604209222
13.551960784313724,4.657058823529412,15.367647058823529,0.0,17,41.813201295,-87.593561288
12.505555555555555,2.373333333333333,17.0,0.0,3,41.814003822,-87.61168488
10.875,1.5125,27.65625,3.125,8,41.815268494,-87.741190447
10.60952380952381,2.132857142857143,8.785714285714286,0.0,7,41.816178015,-87.675102059
1.3,0.79,17.133,0.0,10,41.81622348,-87.651692953
18.681944444444444,4.9125000000000005,17.310416666666665,0.23750000000000002,24,41.816307996,-87.632588521
23.30480510752688,6.778705289672544,23.701612903225808,0.21080645161290323,1985,41.817366208,-87.698860797
0.08888888888888886,0.35000000000000003,4.5,0.0,3,41.81749249,-87.686845262
0.0,0.0,3.25,0.0,2,41.820104691,-87.627800705
10.473809523809525,2.9994285714285716,11.851428571428572,0.26571428571428574,35,41.820166606,-87.621499206
3.092857142857144,0.99,5.178571428571429,0.0,7,41.820197888,-87.610100105
14.638709677419355,4.0603225806451615,15.720967741935485,0.03306451612903225,62,41.820456907,-87.600691571
13.24611111111111,3.3669999999999995,12.991666666666667,0.06666666666666667,30,41.820574395,-87.614986476
20.557125707733107,5.178159733419326,20.938580027947975,0.10945716435558421,9304,41.82371281,-87.602350437
0.0,0.0,2.3333333333333335,0.0,3,41.826663458,-87.679906706
21.433333333333334,8.44,24.5,0.0,1,41.826894162,-87.609878598
0.0,0.0,11.916666666666666,8.666666666666666,3,41.827274669,-87.627746472
7.36388888888889,2.8225,14.333333333333334,0.0,12,41.827400252,-87.624088952
13.0,3.9,53.5,7.5,2,41.827437232,-87.632558769
10.435714285714285,2.6607142857142856,11.821428571428571,0.0,14,41.827441686,-87.619249758
10.253030303030302,1.449090909090909,13.068181818181818,0.0,11,41.827613139,-87.604241624
12.027777777777777,4.3025,20.7825,0.0,12,41.827788762,-87.614187029
14.769508448540707,3.546427435036238,14.955827439886846,0.22815063649222067,5657,41.829922304,-87.672502646
1.0,0.0,3.9166666666666665,0.0,3,41.832937181,-87.65358342
2.3834016743550315,0.5038996929375639,4.597434715821813,0.14801331285202252,1954,41.833517886,-87.681355829
0.0,0.0,3.25,0.0,9,41.83380026,-87.66757156
10.20952380952381,4.845714285714286,14.688571428571427,0.01,7,41.834097391,-87.619289519
13.235416666666666,2.4125,684.02,0.0,8,41.834480698,-87.632959635
12.263608562691134,2.9900917431192666,13.168899082568808,0.10926605504587156,109,41.834673598,-87.610834737
6.572727272727272,2.3654545454545453,7.4772727272727275,0.0,11,41.834962325,-87.625154127
6.0,2.1333333333333333,8.666666666666666,0.0,3,41.835067917,-87.64316237
18.966756793971484,4.706901212781137,21.813925352958844,0.18866927005106637,26633,41.835117986,-87.618677767
20.979006882989186,4.9116199606686335,21.323498033431658,0.620051622418879,4068,41.836150155,-87.648787952
27.11421251348436,6.874704692556633,25.58824767300688,0.4369688385269122,2472,41.839086906,-87.714003807
12.772499999999999,2.3905,12.6565,0.44399999999999995,20,41.841691119,-87.612563947
0.0,0.0,3.25,0.0,1,41.841928026,-87.62836651
13.996428571428572,2.6371428571428575,12.198809523809524,0.2821428571428572,42,41.84201118,-87.622036461
19.76377768948048,6.830204547711249,24.43443098311817,0.43393445878848064,10071,41.842076117,-87.633973422
43.5,24.75,62.375,0.0,2,41.844660776,-87.649072244
3.3541666666666665,0.8,5.5625,0.0,4,41.847431547,-87.663528686
20.026726519337018,5.496766574585636,24.18408205553253,3.304863931482249,7240,41.849246754,-87.624135298
20.11059493310561,5.798461407103825,23.22296277322404,0.6311031420765029,5857,41.850266366,-87.667569312
9.60215053763441,2.575806451612903,19.867741935483874,2.003225806451613,31,41.851017824,-87.635091856
0.6833333333333332,0.0,3.25,0.0,6,41.855501353,-87.683227168
18.0,0.4,24.75,0.0,1,41.855806171,-87.674690588
11.483333333333333,0.0,17.7,3.27,1,41.856309817,-87.644209287
0.0,0.0,2.1666666666666665,0.0,3,41.856333217,-87.659564239
18.543351079367863,5.2413659263153285,21.317548798387623,0.8574153832672465,45655,41.857183858,-87.620334624
15.333478725048112,3.1614431990561265,16.592308048883268,2.0001689844079227,23734,41.859349715,-87.617358006
26.88501876876877,7.037667717244484,25.52324026120243,0.3339022742625535,4442,41.860190019,-87.7172201
10.176666666666666,1.2260000000000002,18.141,2.635,10,41.860762262,-87.700691903
15.085057471264367,2.44551724137931,13.575862068965519,0.6775862068965517,29,41.861280847,-87.630580061
1.6444444444444446,0.01,3.5,0.0,3,41.862661446,-87.712874581
11.308854166666666,2.29,10.856874999999999,0.32843750000000005,64,41.863118103,-87.672920435
11.995833333333334,1.4537499999999999,8.5,0.375,8,41.863422684,-87.653756619
6.894444444444445,1.05,23.179999999999996,0.8133333333333334,6,41.863787123,-87.692515928
12.123090745732254,1.9909644396551727,12.80360151187905,0.614281857451404,1856,41.867902418,-87.642958665
11.743749999999999,4.96125,15.78125,0.0,8,41.86911914,-87.756067704
11.229166666666666,2.6875,9.5425,0.7825,4,41.869274453,-87.664047241
41.0,42.0,27.125,0.0,2,41.86958386,-87.659204671
13.463163150125899,2.755729166666667,14.612394476289733,0.538147472642001,3840,41.870415,-87.675085621
13.796076908137502,3.3908941747572814,17.40163947163947,2.1981827894327894,10300,41.870607372,-87.622172937
10.416227180527383,1.6178296146044626,21.67184584178499,1.5978701825557808,493,41.87101588,-87.631406525
0.0,0.0,3.25,0.0,2,41.8713514,-87.6886749
17.289565498691044,4.383594331202942,19.039057285240247,0.9788894545803034,166965,41.874005383,-87.66351755
9.476666666666667,3.5780000000000003,28.551000000000005,3.5010000000000003,10,41.874176625,-87.661861124
15.116666666666667,4.2,14.0,0.0,1,41.8759663,-87.693793902
0.0,0.0,4.5,0.0,1,41.876696287,-87.752105235
8.705555555555557,1.6688888888888889,8.847222222222221,0.16666666666666666,18,41.877383471,-87.680654116
11.168320234843838,2.4548944113222264,13.966791148765399,1.5574304665291792,17947,41.877406123,-87.621971652
0.0,0.0,3.25,0.0,2,41.878323253,-87.698674017
26.646832814122533,7.366367274344152,29.31428190306803,0.10163628279235216,2249,41.878594358,-87.730232428
12.469688109161792,2.3900877192982457,13.872713864306785,1.5229498525073746,342,41.87866742,-87.671653621
15.40666248496271,4.00985766944114,18.05181972748674,1.4611607376405962,168216,41.878865584,-87.625192142
24.302487322677965,6.526261790182868,23.96329740134745,0.20737439846005773,5195,41.878914496,-87.70589713
10.41204954954955,1.4447072072072074,12.647995495495495,1.2975,444,41.879066994,-87.657005027
9.790091241418255,1.718249458794223,11.268398131672596,1.1280158659549229,67445,41.879255084,-87.642648998
9.41794501669221,1.840219030989797,11.799636823722288,1.4095610283460454,84193,41.880994471,-87.632746489
0.9166666666666665,0.012222222222222223,3.5,0.0,9,41.88414467,-87.747874339
0.7310645724258289,0.0789556135770235,6.945483028720626,0.02381201044386423,383,41.884767784,-87.684147449
10.711817943035374,2.547867157654287,13.897862157239208,1.5802314773790183,101571,41.884987192,-87.620992913
9.824916755224937,1.5503887000849617,12.534204376460591,1.6314871468026344,4708,41.88528132,-87.6572332
9.40513619731671,1.6386736214605067,11.000446446717701,1.2730390894925818,14763,41.885300022,-87.642808466
0.3333333333333333,0.0,3.3333333333333335,0.0,3,41.885621155,-87.698891591
8.508333333333333,1.41,9.625,2.0,2,41.886005786,-87.671873941
28.008813254096886,8.140113452188006,27.726997730465794,0.17603804171620016,9255,41.890608853,-87.756046711
12.946143462649497,3.197787436222768,16.755256323731878,1.9310868450179521,37046,41.890922026,-87.618868355
22.23076923076923,3.7384615384615385,15.0,0.0,13,41.89096938,-87.770122842
0.5,0.0,3.25,0.0,2,41.891085423,-87.760349386
0.0,0.0,3.25,0.0,1,41.891697045,-87.702105247
10.168531980839672,1.7342575373344604,12.545008173158221,1.2190412039907559,17746,41.891971508,-87.612945414
10.276011742916811,2.00950339934969,13.611338219647712,1.6844562004965125,16921,41.892042136,-87.63186395
11.150320934825544,2.2086708340187533,13.669196840026334,1.6978044766293616,6080,41.892072635,-87.628874157
19.225,2.4775,15.75,1.855,4,41.892433156,-87.66962393
12.217756797893786,2.967582717833912,15.77380420985826,1.8490559551512586,56733,41.892507781,-87.626214906
17.216666666666665,7.333333333333333,23.849999999999998,2.9333333333333336,3,41.892536872,-87.659864318
17.17904411764706,1.411703703703704,13.329632352941175,1.527720588235294,136,41.892658108,-87.652534484
11.7121794155965,2.2743608351010383,14.215008373339286,1.8875918276208556,8960,41.89321636,-87.63784421
10.310660168727988,1.887217353916711,11.357504402309676,1.0911587288586755,48842,41.89503345,-87.619710672
9.866666666666667,0.85,11.125,2.0700000000000003,2,41.897983898,-87.641491533
10.852656249999999,2.247375,15.5671875,1.2729375,320,41.89830587,-87.653613982
13.222523999719712,2.846240803800395,15.414463084426506,1.6945778674739322,23788,41.898331794,-87.620762865
0.5,0.0,3.25,0.0,2,41.898625424,-87.752011562
0.375,1.825,7.71875,0.0,8,41.89869923,-87.708808424
11.69916877423706,2.271303995953465,13.326251896813353,1.499322205361659,29658,41.899155613,-87.626210532
0.2733333333333333,0.0,23.82,2.77,5,41.899445769,-87.68931919
0.05476190476190474,0.0,24.24285714285714,0.42142857142857143,7,41.899506548,-87.679600287
11.08888888888889,2.252222222222222,13.07,1.5922222222222222,9,41.899589796,-87.674719134
14.194374539870337,3.3549346157214157,16.25270439012526,1.4016242004134745,411167,41.899602111,-87.633308037
11.137878787878787,0.4045454545454545,20.582727272727276,2.529090909090909,11,41.89967018,-87.669837798
6.753030303030303,1.3418181818181818,9.214545454545455,1.1809090909090911,11,41.899737388,-87.664953917
25.10685892172961,5.653508411981945,22.976998974358974,0.4463200000000001,4875,41.900069603,-87.720918238
10.438802336903603,2.63388762585255,11.790256660168941,1.4066179337231968,3081,41.900221297,-87.629105186
9.7850822402665,1.7345613487355604,10.835965021861336,1.027595252966896,3203,41.900265687,-87.63210922
0.3333333333333333,0.0,36.666666666666664,0.0,3,41.900560384,-87.69419737
17.53950437561702,3.828239931706338,18.806292820036642,1.3482736466986223,39850,41.901206994,-87.676355989
9.279234972677596,1.318360655737705,9.872252747252746,0.577032967032967,183,41.90156691,-87.638404012
12.384129417460063,2.4685995482413685,15.025274282026459,1.5049774120684092,6199,41.902788048,-87.62614559
10.209127954360227,1.632127139364303,12.53218673218673,1.3877149877149877,409,41.904935302,-87.649907226
0.0,0.0,3.25,0.0,2,41.905693424,-87.77063256
10.270751028806586,1.638708281829419,11.59888888888889,1.2645555555555554,1620,41.905857769,-87.630865027
11.216161616161616,1.8443939393939395,15.232272727272727,1.915909090909091,66,41.906025969,-87.675311622
0.0,0.0,3.25,0.0,2,41.906322711,-87.721538294
0.30277777777777776,0.0,13.958333333333334,1.6666666666666667,6,41.906638542,-87.689579834
3.2574074074074075,0.2677777777777777,7.26111111111111,0.8511111111111112,9,41.906650766,-87.66533766
0.6666666666666666,4.933333333333334,44.833333333333336,2.8333333333333335,3,41.906683959,-87.710353935
0.5708333333333333,1.1,6.3125,0.0,4,41.906707792,-87.684685949
12.425525525525524,2.1943243243243242,11.203513513513514,0.5121621621621621,111,41.907412816,-87.640901525
10.160039883417703,1.6178360957642728,12.552319374137138,1.821638288080994,2173,41.90749193,-87.63576009
10.532374262253015,1.921539645881447,14.971125866050809,1.3153060046189375,5196,41.907520075,-87.6266589
0.0,0.0,3.25,0.0,1,41.907688499,-87.744173184
0.5,0.0,42.0,0.0,2,41.907965246,-87.694534282
12.39702380952381,1.730714285714286,15.334642857142857,2.4989285714285714,28,41.908378669,-87.670945075
11.104026152787338,1.902388162422574,11.783110805230558,1.233365450791466,1453,41.909495669,-87.630963601
24.0,8.0,22.5,0.0,1,41.911666588,-87.733950998
19.0,3.8,15.5,0.0,1,41.911972301,-87.683642922
0.9285714285714286,0.008571428571428572,3.4285714285714284,0.0,7,41.91213208,-87.689711275
0.24629629629629626,0.0,7.623333333333333,0.0,9,41.912364354,-87.675062757
18.18333333333333,4.175714285714286,17.791428571428572,0.3828571428571429,7,41.912431869,-87.670189148
21.258333333333333,1.415,13.41,1.28,2,41.912868922,-87.641070746
5.0,0.6428571428571429,6.464285714285714,0.35714285714285715,7,41.914585709,-87.645966207
12.830376618950238,2.183270117888262,13.889212678936605,1.563077709611452,1956,41.914616286,-87.631717366
11.957017543859651,1.6373684210526314,13.826842105263157,1.5389473684210528,38,41.914747305,-87.654007029
0.2,0.0,1.4380000000000002,0.0,5,41.915496209,-87.710195634
1.4758064516129032,0.33306451612903226,5.149516129032258,0.24064516129032257,62,41.916005274,-87.675095116
9.333333333333334,0.0,15.5,0.0,3,41.916473316,-87.641183657
1.275,0.0,3.375,0.0,2,41.919181737,-87.721248555
14.936206896551724,3.7041379310344826,14.836206896551724,0.5479310344827586,29,41.91922505,-87.671445766
31.453240740740732,0.009166666666666667,3.5116666666666663,0.008888888888888889,36,41.920451512,-87.679954768
0.0,0.0,1.735,0.0,2,41.921019607,-87.710359144
19.005555555555556,5.0,22.150000000000002,1.0666666666666667,3,41.921125914,-87.699754406
10.333333333333334,0.0,19.79,2.01,1,41.921273105,-87.68508211
0.0,0.0,3.25,0.0,2,41.921647132,-87.689951469
5.640476190476191,0.5085714285714286,14.34142857142857,0.8099999999999999,7,41.921701492,-87.655911848
13.533333333333337,3.3389473684210524,16.93421052631579,2.0136842105263155,19,41.921778188,-87.651061884
9.21111111111111,0.9237037037037036,20.540370370370372,2.1644444444444444,27,41.921778356,-87.641459759
12.801412429378532,2.232033898305085,13.61525423728814,1.4791525423728813,59,41.921854911,-87.646210977
9.165602836879431,1.4059574468085103,10.176170212765957,0.3740425531914893,47,41.921877461,-87.66407824
15.869787644787644,2.1210617760617763,14.15457528957529,1.5249034749034749,518,41.922082541,-87.634156093
16.577334650896145,3.240572674594073,17.053975503801137,1.3768465669120311,66303,41.922686284,-87.649488729
20.883174792991607,4.339933083074914,20.548947511410564,1.088211258422082,18405,41.92276062,-87.699155343
26.212088520055328,4.981845386533665,21.09213278008299,0.34186721991701247,1205,41.924347077,-87.734739754
0.0,0.0,3.25,0.0,4,41.925588088,-87.797600684
28.0,8.8,25.0,0.0,1,41.926163105,-87.761039875
18.95777777777778,2.773333333333333,17.614666666666665,1.5,15,41.926811182,-87.642605247
30.439819779565088,4.421442930533839,22.142984141165957,0.2082979673888765,4477,41.927260956,-87.765501609
0.0,0.0,3.25,0.0,2,41.928391397,-87.704907236
11.309848484848485,3.39,12.475909090909092,0.0,22,41.928619051,-87.685362024
13.8,1.59,13.9375,0.0,4,41.928763006,-87.665676837
9.421969696969699,0.995,17.384545454545453,0.6368181818181818,22,41.928967266,-87.656156831
14.461949685534591,2.399433962264151,17.396415094339623,2.417735849056604,53,41.929046937,-87.651310877
14.46255707762557,2.3343835616438358,15.143424657534243,1.7745205479452053,73,41.929077655,-87.646293476
14.247751322751323,3.2221825396825396,16.86138888888889,2.2523809523809524,252,41.92926299,-87.635890954
20.756666666666668,4.071999999999999,13.39,0.99,5,41.929272532,-87.673807238
33.96418148654811,5.763698630136986,24.722065663474694,0.254391244870041,731,41.929297368,-87.798032181
0.10833333333333331,0.0,3.25,0.0,2,41.929329713,-87.711974254
10.349523809523808,1.7765714285714285,11.906857142857143,1.4302857142857142,35,41.93057857,-87.642206313
7.915000000000001,1.258,17.625,1.725,10,41.934539716,-87.643022804
16.726515151515148,4.608181818181818,16.577045454545456,0.9081818181818183,44,41.934650448,-87.634647877
17.10691056910569,2.9943902439024392,25.260243902439026,1.7775609756097563,41,41.934659157,-87.646729729
14.401693121693123,2.93015873015873,15.765365079365079,1.605936507936508,315,41.934762456,-87.639853859
0.6666666666666666,0.09999999999999999,3.5,0.0,3,41.935058153,-87.737619998
16.0,0.3,15.75,0.0,2,41.935214804,-87.744389613
0.0,0.0,3.25,0.0,2,41.935706471,-87.703854544
0.2981481481481481,0.0,3.3055555555555554,0.0,9,41.935745058,-87.730301758
206.49166666666665,0.043333333333333335,3.3333333333333335,0.0,6,41.935749459,-87.680980301
11.916666666666666,1.5,11.5,2.14,1,41.935983574,-87.675821928
0.3833333333333333,0.0,38.55,2.3625,4,41.935988906,-87.670966384
4.909803921568628,0.73,6.515294117647058,0.4211764705882353,17,41.936086535,-87.666110694
18.70416666666667,2.5533333333333332,15.825833333333334,1.9716666666666667,12,41.936159071,-87.661265218
19.468333333333334,3.5230000000000006,19.946,2.117,10,41.936237179,-87.656411531
18.095597484276727,4.598805031446541,20.010754716981133,0.988867924528302,159,41.936310131,-87.651562592
20.766666666666666,5.32,16.5,0.0,1,41.937401794,-87.722330298
14.372101449275362,2.9606521739130436,15.965434782608694,2.1871739130434786,46,41.938232293,-87.646782081
16.977620730270903,3.8019787985865725,19.12971731448763,2.198798586572438,283,41.938391258,-87.63857492
21.140453142536476,5.161448101798296,19.729999999999997,0.7313694167104572,9515,41.938666196,-87.711210593
22.633333333333333,2.858,16.832,2.008,5,41.941488234,-87.671107656
19.15416666666667,4.9175,8.0625,0.0,4,41.941555829,-87.666288887
0.0,0.0,42.125,3.875,2,41.9416281,-87.661443368
0.0,0.0,6.25,0.0,3,41.942169415,-87.771495526
1.0444444444444443,0.0,3.5833333333333335,0.0,3,41.942383278,-87.754352834
1.737661141804788,0.23362637362637365,5.535195530726257,0.027932960893854747,182,41.942488155,-87.747154322
10.626415094339624,3.3033962264150944,17.001509433962262,2.5524528301886793,53,41.942577185,-87.647078509
18.996124031007753,2.997727272727273,21.374772727272727,2.3013636363636363,44,41.94258518,-87.656644092
16.384672021419007,3.3368273092369476,18.945220883534137,2.4014859437751004,249,41.942691844,-87.651770507
0.6666666666666666,0.0,3.4166666666666665,0.0,3,41.942699578,-87.731002484
18.70111111111111,5.6339999999999995,22.1,0.6666666666666666,15,41.942859303,-87.717503858
0.7462365591397849,0.007301587301587301,5.465079365079365,0.1046031746031746,126,41.942872538,-87.701330291
18.368229166666666,4.8603515625,22.24875,1.8424609375,256,41.943155086,-87.640698076
11.413888888888888,1.905,19.286666666666665,2.378888888888889,18,41.943237122,-87.643470956
16.51553208702504,3.645866182947079,17.03554264475037,1.3612561571910577,110855,41.944226601,-87.655998182
5.123809523809524,0.9257142857142858,5.321428571428571,0.0,7,41.944813754,-87.69077501
20.97,2.726,22.344,3.5420000000000003,5,41.945170453,-87.668794439
21.433333333333334,1.6,19.705,2.29,2,41.945282331,-87.661545096
20.667693836978128,4.1341153081510935,34.39053677932406,2.5449105367793234,503,41.946294536,-87.654298084
14.39047619047619,3.7271428571428578,16.698571428571427,1.7457142857142856,7,41.946489764,-87.647113634
24.524341997711296,6.084524509803922,23.094598039215686,0.4465098039215686,2040,41.94651142,-87.806020002
19.87679412318704,3.614649015358523,17.406608605592695,1.0999896431597778,10622,41.947791586,-87.683834942
28.179411764705883,6.43235294117647,30.53058823529412,2.6135294117647057,17,41.949060526,-87.661642904
21.731785714285714,4.997714285714286,24.995035714285713,3.0424285714285717,280,41.949139771,-87.656803909
27.636716791979946,4.534135338345864,20.84526315789474,2.344887218045113,133,41.949220914,-87.651970395
0.0,0.0,3.25,0.0,2,41.949709077,-87.752118415
18.026436781609195,4.388856382978724,20.039416445623342,1.9692838196286475,377,41.949829346,-87.64396537
1.2981218905472636,0.18450074515648285,5.003263785394933,0.06980625931445604,1342,41.949876432,-87.738141891
0.4722222222222222,0.006666666666666666,17.36111111111111,0.0,9,41.949974454,-87.730684255
0.0,0.0,3.25,0.0,3,41.950077635,-87.722610871
3.1015873015873012,0.7533333333333333,6.376190476190477,1.208095238095238,21,41.950212096,-87.712814232
11.914583333333333,2.27625,16.1875,1.13125,8,41.950404411,-87.702007128
0.5,101.25,5.875,0.0,4,41.950545696,-87.676182496
12.65,6.775,22.925,3.55,2,41.950605232,-87.671332488
0.13333333333333333,5.598,23.5,0.0,5,41.9519781,-87.841558069
0.31287878787878787,0.004545454545454546,3.3181818181818183,0.0,22,41.952664895,-87.745243205
2.9466666666666663,0.9880000000000001,14.788,0.8380000000000001,5,41.952719111,-87.660503502
21.38205128205128,4.330769230769231,20.85076923076923,3.183846153846154,13,41.952822916,-87.653243992
15.471701388888889,4.379895833333333,19.1634375,1.523125,96,41.953400044,-87.646007066
20.02584144413942,4.086387669592978,17.69208597217374,0.5002179225053608,20054,41.953582125,-87.72345239
20.334151436031327,4.072296775540019,18.04194113963682,0.3740753496138593,9583,41.954027649,-87.763399032
0.0,0.0,1.735,0.0,2,41.955584115,-87.713090057
1.6666666666666667,0.0,373.61999999999995,0.0,3,41.955771787,-87.701213104
0.380952380952381,0.010714285714285714,5.809285714285714,0.0,28,41.957264108,-87.730898785
2.4029850746268657,0.1865671641791045,5.138955223880597,0.14582089552238806,67,41.957360691,-87.722822251
13.283333333333331,4.2,1.875,0.0,2,41.957530922,-87.66661144
13.14722222222222,3.1633333333333336,16.333333333333332,0.0,6,41.957735565,-87.683718102
20.28781094527363,3.4695522388059703,15.82328358208955,0.7218656716417909,134,41.958055933,-87.660389456
17.401461988304092,4.615526315789475,17.404122807017544,0.780438596491228,114,41.958154876,-87.653021789
0.9838028169014085,0.09504672897196263,4.129532710280374,0.007476635514018692,214,41.958797863,-87.738393906
0.6666666666666666,0.0,37.300000000000004,2.3833333333333333,3,41.959210185,-87.712973172
4.05,1.0630000000000002,6.025,0.0,10,41.959526791,-87.702098541
0.0,0.0,3.25,0.0,3,41.960518218,-87.762285982
2.1524691358024692,0.3711111111111111,7.0274074074074075,0.3907407407407408,27,41.960675697,-87.752409137
14.248691460055097,4.005030927835052,17.637334710743804,1.172086776859504,485,41.962178629,-87.645378762
0.2388888888888889,0.0,3.25,0.0,3,41.963184966,-87.683854556
8.177777777777777,1.9861111111111112,13.08888888888889,0.9549999999999998,18,41.963633169,-87.652365359
0.3333333333333333,0.0,22.25,0.0,3,41.964506955,-87.70273347
1.2583333333333333,0.09,3.625,0.0,2,41.964636199,-87.742787877
0.28888888888888886,0.0,3.25,0.0,3,41.964647733,-87.725891015
0.0,0.0,2.9375,0.0,4,41.964652354,-87.721016769
0.6554421768707483,0.24489795918367346,3.4846938775510203,0.0,49,41.965362587,-87.731832739
9.971052631578948,2.8021052631578947,12.38578947368421,0.6710526315789473,19,41.965445784,-87.66319585
17.901040818734145,4.120622643179606,16.973448532144182,0.6804061156235068,56522,41.96581197,-87.655878786
0.3333333333333333,0.0,7.75,0.0,3,41.966774943,-87.710848208
3.4444444444444446,0.7333333333333333,14.149999999999999,0.8722222222222222,9,41.966806346,-87.694020097
0.4,0.0,19.48,1.9300000000000002,5,41.967011761,-87.670621043
6.223529411764705,1.7105882352941175,7.760000000000001,0.23529411764705882,17,41.967288614,-87.652435
24.290546330174816,4.7275823247959465,19.337289868667916,0.6213433395872421,10664,41.968069,-87.721559063
60.31666666666667,36.41,87.25,0.0,1,41.970244982,-87.713435328
170.11805555555554,5.386666666666666,20.770833333333332,0.25,12,41.970288894,-87.759857019
5.862500000000001,2.4083333333333337,9.395833333333334,0.25,12,41.97153938,-87.738937205
0.47222222222222215,0.05333333333333334,3.3333333333333335,0.0,3,41.972035672,-87.686099898
18.132291666666667,3.1037500000000002,23.91375,0.598125,16,41.972437081,-87.671109526
36.7,12.43,43.12,8.62,1,41.972562538,-87.678845966
18.6683908045977,4.8999999999999995,20.393448275862067,0.9248275862068965,29,41.9725808,-87.694001061
0.3416666666666666,0.001,2.975,0.0,10,41.972597767,-87.723781966
15.474444444444442,1.9586666666666668,10.216666666666667,0.0,15,41.972667956,-87.663865496
11.937268518518518,3.2047222222222222,14.926944444444445,0.5923611111111112,72,41.972709547,-87.657341107
13.56358024691358,4.028148148148149,17.81776119402985,1.183507462686567,135,41.972929317,-87.650290074
0.1333333333333333,0.0,3.25,0.0,3,41.9729552,-87.772616911
19.698546456752368,4.043844280860703,17.13376210156825,0.8922861348581782,17667,41.975170943,-87.687515515
0.6666666666666666,0.0,3.5,0.0,3,41.975280926,-87.783238034
19.5,8.2,20.625,0.0,2,41.975337826,-87.844359494
9.24074074074074,2.2977777777777777,18.333333333333332,0.0,9,41.97681175,-87.701941074
30.025,11.754999999999999,32.0,0.0,2,41.978068292,-87.819789114
0.25833333333333336,0.055,3.0833333333333335,0.0,6,41.978294249,-87.716430416
19.05518618583343,5.295448462080301,20.756162244658373,0.9730946231509744,8518,41.978829526,-87.771166703
8.661382113821137,2.5439024390243907,14.114634146341464,0.8414634146341463,41,41.978875058,-87.657871263
33.32827830274067,13.363920586409147,56.34642323531363,5.9868238961477465,165893,41.97907082,-87.903039661
4.952380952380951,2.5614285714285714,25.5,0.8214285714285714,7,41.979204551,-87.797398984
17.598333333333333,5.91,21.699,1.924,10,41.979795551,-87.671445547
7.838333333333334,1.8784,10.192,0.397,50,41.979855309,-87.694096022
12.765151515151517,2.694545454545455,18.921818181818182,1.9645454545454546,11,41.979912445,-87.664188242
22.075291828793777,5.209299610894941,19.92466926070039,1.0966536964980547,257,41.980157574,-87.652274017
28.964617386078693,11.865102016399197,49.400537667859176,4.939223669988952,250745,41.980264315,-87.913624596
18.491666666666667,10.645,33.625,2.8125,4,41.980506822,-87.826676182
12.316666666666666,6.44,21.85,2.85,1,41.980606166,-87.654537868
0.778617216117216,0.08758241758241758,6.087142857142856,0.10164835164835165,364,41.980843616,-87.736083927
14.960185185185184,5.858333333333333,24.65222222222222,1.0827777777777778,18,41.982272929,-87.841586432
3.4039408866995076,2.535418719211823,10.381461006910168,0.33951628825271474,1015,41.982775009,-87.8773054
29.15454545454546,5.672727272727273,30.545454545454547,0.18181818181818182,11,41.983330806,-87.681993542
25.439820516492432,3.9391377828702376,18.32661036358431,0.5061208130546808,6986,41.983636307,-87.723583185
23.85001670192629,7.059866414338194,26.140132487196613,0.6549042529503452,8983,41.985015101,-87.804532006
13.997023809523808,4.413214285714285,18.8075,0.5039285714285714,28,41.985472422,-87.653793529
13.54047619047619,5.840000000000001,15.611428571428572,0.5042857142857142,7,41.985476499,-87.65839767
0.3333333333333333,0.0,3.75,0.0,3,41.985916382,-87.768970241
20.516666666666666,11.62,38.12,7.62,1,41.986558181,-87.713368804
18.500288114762355,4.415784286059824,17.696131098666452,0.6991545465533218,49646,41.9867118,-87.663416405
3.255416666666666,0.2595,7.6375,0.0,40,41.986808626,-87.694415191
17.304166666666667,2.7275,17.6875,0.0,4,41.986895043,-87.703668273
6.645098039215687,1.1447058823529412,17.420588235294115,0.6558823529411765,17,41.986953058,-87.672080994
14.39375,4.237,19.78425,0.3465,40,41.987225558,-87.664937724
0.0722222222222222,0.0,3.25,0.0,3,41.988702646,-87.804404812
8.473809523809523,1.622857142857143,36.107142857142854,0.0,7,41.988704022,-87.657234828
17.85,11.795,30.0,0.0,2,41.9895838,-87.78301328
9.075308641975308,2.8651851851851857,15.831851851851853,0.2222222222222222,27,41.990064253,-87.72396783
2.3187499999999996,0.5775,5.515625,0.0,16,41.991119555,-87.74005519
19.01587301587302,6.491190476190476,20.95,0.24166666666666667,42,41.991234532,-87.65730427
12.576666666666668,3.9130000000000003,15.430000000000001,0.505,10,41.993440946,-87.657417742
26.23555601148954,7.309673913043478,25.159760098421163,0.39701865901168754,4877,41.993930128,-87.758353588
19.641666666666666,3.585,14.175,0.0,20,41.994059824,-87.694630719
111.82564102564103,4.107692307692307,14.788461538461538,0.15384615384615385,13,41.994143646,-87.704893486
8.365079365079364,2.6523809523809527,14.238095238095237,0.23809523809523808,21,41.994225234,-87.686076881
8.583333333333332,2.8890000000000002,10.925,0.0,10,41.994266094,-87.678688211
6.461622807017544,1.0922368421052633,6.426052631578948,0.0,76,41.99438102,-87.672538401
14.936111111111112,4.166666666666666,17.345000000000002,1.1316666666666666,18,41.994442248,-87.665224776
6.137499999999999,2.4216666666666664,9.354166666666666,0.0,12,41.994498038,-87.757597486
8.552777777777779,2.36,10.236666666666666,0.7416666666666667,6,41.995512991,-87.655814902
0.0,0.0,4.5,0.0,2,41.995603135,-87.794269296
7.675490196078431,2.2152941176470584,12.640588235294118,0.521764705882353,17,41.997153943,-87.657498791
31.89509803921569,7.870588235294118,29.264705882352942,0.0,17,42.000320306,-87.6631268
3.642857142857143,1.7328571428571429,8.35,0.9214285714285715,7,42.000874825,-87.701802904
8.465625,1.9053125,11.71875,0.0,32,42.001313249,-87.684198195
3.7428270042194094,0.2620253164556962,4.3164556962025316,0.012658227848101266,158,42.001315924,-87.693637494
25.406136315566833,5.280937143219587,20.09273462526563,0.3556633575438485,31538,42.001571027,-87.695012589
3.080952380952381,1.332857142857143,7.414285714285714,0.9500000000000001,7,42.001698194,-87.673574032
2.4062499999999996,1.43875,95.84375,5.1875,8,42.002015464,-87.774994789
14.556666666666667,3.5420000000000003,14.4,0.4,5,42.004764559,-87.659122427
0.26794871794871794,0.0,23.28846153846154,0.23076923076923078,13,42.005559764,-87.901885838
17.76904761904762,4.458571428571428,19.445,0.9385714285714286,14,42.006278861,-87.66768361
47.0,1.2,50.75,0.0,1,42.007446924,-87.704605634
30.56245387453875,8.430507380073802,27.162656826568263,0.3096494464944649,1084,42.007612593,-87.813781034
7.962820512820512,0.8784615384615384,9.076923076923077,0.0,13,42.008487008,-87.685913133
34.03333333333333,11.67,33.0,0.0,1,42.008540761,-87.69496375
0.0,0.0,3.25,0.0,5,42.009018227,-87.672723959
20.866666666666667,4.83,16.25,0.0,1,42.009150063,-87.67861897
3.4194444444444443,1.2516666666666667,13.6825,0.6408333333333334,12,42.009412547,-87.663958214
22.818242627729628,5.541371178698316,20.355528010931096,0.48703689244583254,25621,42.009622881,-87.670166857
5.507575757575757,1.5568181818181819,12.988636363636363,0.0,22,42.01569675,-87.699663042
2.513157894736842,0.6044444444444445,6.092105263157895,0.0,19,42.015719907,-87.68711599
22.01111111111111,5.514666666666667,37.46666666666667,0.0,15,42.015934376,-87.666536278
10.061666666666667,4.298,13.6,0.0,10,42.016010564,-87.680162272
28.02833333333333,6.133,21.752000000000002,0.0,10,42.016046492,-87.673333778
19.277083333333334,6.80875,21.13875,2.20125,8,42.021223593,-87.669824772
